Member_id,emergency_contact_name,emergency_contact_phone
MiMi811108442,Millicent Sainte Paul,463-567-7558
TeNe599223180,Neila Bartoszinski,728-430-2481
MiBu217454145,Budd McKim,716-431-5374
MiMe455261897,Merilyn Boulder,137-917-0326
TeSu198272777,Sula Rackam,937-890-0233
GoCa876258307,Casey Gowans,763-436-5204
GoCa876258307,Casey Gowans,763-436-5204
MiJa710166731,Jayme Trude,278-467-4986
GoBr622338922,Brittni De Biasio,752-290-7933
ApAm559755808,Amelia Malone,331-488-0701
ApFe701853732,Federica Byrom,203-544-7682
TeDo652484189,Donnie Ryal,354-973-9893
MiAu839380407,Austin Mickleburgh,394-886-4036
TeCo671856741,Conney Bownd,287-703-2910
GoNe264615077,Neel Ridges,989-740-8460
GoGu165655059,Gui Ferrarin,942-211-7009
ApLi869453735,Lizabeth Mauditt,136-124-3350
GoEb522562584,Ebenezer Kerry,764-144-2013
TeMo390740231,Monroe Bille,701-712-8796
ApHa105432733,Haze Giorgioni,478-737-6234
MiRo331303519,Rossy Babon,880-180-5178
SaOl229378067,Olympia Offen,485-102-0419
SaOl229378067,null,null
GoGa682725920,Gavan Smallwood,407-702-8732
MiGi591300752,Giacinta McAleese,474-221-2633
TeIs391944570,Isadore Gelling,115-240-8476
TeEr455981478,Erick Morando,629-415-0415
GoHo234583743,Horatius Brady,378-547-4241
ApPe101860733,Perrine O' Mara,132-125-6242
GoVo429372648,Vonnie Swinden,611-848-1733
TeHa518415154,Hadrian Imlin,829-176-8559
MiJo735466956,Jonathon Garnam,771-313-3759
GoIb153963371,Ibbie Jacob,926-592-8789
GoCo561636452,Cory Dorracott,467-451-0086
GoDa810834980,Dacia Cargo,251-783-1839
GoFo152591090,Forster Greensite,170-910-5778
ApLu379523710,Lurette Pollard,831-976-8620
ApAn486190059,Andeee Barrasse,651-336-1112
ApCr258162098,Cris Pow,783-712-0191
TeEu778930638,Eugenio Grzeszczyk,549-489-1753
GoAg570221138,Agace Medgwick,646-728-3639
TeEr819789824,Ernestus Duffan,178-535-5447
GoJa287744791,Janek Bagwell,468-130-9306
TeRo518115839,Roberto Loosmore,484-321-4627
GoMa509447742,Margalit Brownsea,917-543-7479
GoCa320081273,Cathrin Filliskirk,616-701-8700
GoNo729504533,Noll Morrel,555-414-3611
TeHu254488086,Hussein Harkus,501-362-4280
ApSh147892112,Sholom Muirden,471-792-0092
ApSh440716395,Shela Bernaldo,170-105-1388
GoTo129050504,Tori Kleinber,256-496-0459
MiSa187729854,Salmon Clelle,264-710-1862
GoMa876325335,Maryjo Gaddas,669-224-1099
GoMa876325335,Maryjo Gaddas,669-224-1099
GoFr511289624,Frazier McGown,446-809-3009
SaSt276865986,Stoddard Grassin,971-558-6497
GoJe337970906,Jennifer Tesche,436-515-4970
SaPo278841712,Polly Frazier,914-358-9447
ApJa267947184,Jammal Middup,202-618-6791
GoAr686443629,Armin Pruce,173-683-2495
TePa574922703,Pansie Domb,259-439-7120
GoKo493851592,Konstance Jerome,270-334-1608
ApGu447218743,Guendolen Boerderman,913-676-3467
TeBa333502897,Barry Lehrian,532-691-5541
MiGr122515064,Gray Jerche,560-490-4374
ApDe189864406,Derril Dudderidge,906-656-6735
GoGi483223024,Gisela Barrs,394-896-4879
GoBa512255920,Bari Snaden,611-412-8295
TeRe841309241,Reeba McDuff,753-840-2672
MiKa369038263,Kass Webborn,370-690-4127
ApFr578438443,Frannie Hards,641-986-3846
GoAu331052991,Austin Kinnock,850-819-1913
ApGa164461753,Gale Noquet,937-846-9581
GoKi682223284,Kip Goldup,619-809-9855
MiKr473811972,Krystalle McKeachie,655-584-2529
GoNi664580438,Nicolis Heineke,675-750-0850
TeNe631495295,Neel Tricker,901-511-0119
ApJe726661743,Jeno Fairbanks,646-577-8891
GoLy854305670,Lynea Thunnercliffe,637-174-4688
GoHu271613631,Humfried Blaszkiewicz,641-179-9802
SaCh306743641,Chickie Sitford,684-110-5777
TeDa820331377,Daron Peagram,293-337-9366
MiPo259917728,Pooh Ivain,439-504-2040
ApGr765211122,Gregoor Vellender,454-877-2694
SaCa190133931,Catha Gerler,107-591-3733
SaCa190133931,null,null
ApAl379415659,Alena Brason,332-389-1962
MiDe588647857,Delphine Goslin,425-795-6820
ApGa662129673,Garrott Coucher,761-738-2665
MiCl605110536,Clevie Kellick,117-621-4210
ApDa508215427,Danielle Gepson,403-560-9977
MiCi260023160,Cindi Bowles,859-544-0575
TeDe375051735,Devin Druitt,349-842-6971
TeRo546438747,Roi Stiant,496-802-7437
ApWe664421462,Wendeline Ebdin,536-530-1976
TeBe219701743,Bendick Raoult,695-607-3032
ApFe210441501,Fernande de Pinna,960-196-5341
GoPe171519344,Pen Vader,303-612-4103
MiWi265462226,Wilbur Whether,344-401-4548
MiLa261442460,Lane Brittlebank,230-207-5811
TeWi157971075,Wini Cuerdall,830-794-8126
SaQu232255592,Quinlan McGilmartin,869-822-3301
SaQu232255592,null,null
ApAn529580429,Angelina Brisse,379-377-2430
GoMa488296007,Matt Prenty,504-626-7203
GoAn605090765,Andy Ratledge,992-523-1248
TeLe543420538,Leontyne Bigglestone,211-112-7788
TeGr478962112,Grethel Shelp,492-316-8986
MiLe545919758,Leodora Sevin,720-757-2502
ApBe454660518,Bertrand Antwis,766-874-5103
ApBe454660518,null,null
TeLa137670013,Lanni Hatwells,866-111-1288
ApLo447405813,Locke Jevon,248-605-5857
SaHi258912938,Hillard Olsen,865-954-9985
TeMi556700654,Minnaminnie Arnholdt,428-587-0688
GoCi750255804,Ciel Swepstone,471-908-9015
SaOl351674017,Olivero Gostyke,619-576-9466
TeOl630181995,Olivette Bartels-Ellis,777-182-7794
TeFe479697887,Fernanda Hawksby,952-897-0930
ApAl211380839,Alon Thornally,605-664-0522
MiMa756227059,Marys Cordero,807-561-1043
GoCh704151868,Christophorus Saywell,534-269-3327
ApDi424849836,Dionisio Nenci,429-887-8616
GoDr878059501,Dru Southerell,625-403-2920
GoEv580823928,Eveline Brosio,442-674-3081
TeAu800045693,Aube Pacheco,981-117-6515
GoRo603796542,Ros Riccardo,378-356-6600
MiEl636965488,Elihu Le Blond,951-501-0651
ApSh784697855,Shannah Spriggs,172-669-6287
GoEi895936080,Eimile Kinloch,835-799-1634
ApHu786796934,Hurley Stock,335-415-2121
MiCh368314809,Charmine Mettricke,336-209-8953
GoCh549451337,Christi Artois,971-128-9385
GoLo425250579,Lonnie Olivi,318-243-1042
GoCy878490376,Cyril Branson,509-596-9220
GoSt465975524,Stinky Janodet,236-388-9940
GoFa636237888,Fax Dymott,776-696-0936
GoDo799534499,Donal Phython,200-434-8367
TeAs250683972,Ashton Biernat,188-977-3713
TeXe819885551,Xever Kuhnert,754-377-9283
MiMa154453596,Marjy Humphrys,394-542-3528
GoMi568083763,Miguel Towson,563-104-0657
GoKa808737094,Karalynn Graal,124-874-5751
GoPh304065098,Phillip Bewicke,354-170-0293
ApLy362389662,Lyndel Scottrell,689-400-6958
TeJe844869428,Jena Ficken,350-572-8089
ApDo826752205,Donavon Gulleford,720-190-6729
GoLi686660812,Lily Scotchmur,654-187-0206
ApWi485523047,Wilfrid Kilmartin,200-436-9808
SaCo261521311,Cord Kneal,857-711-5360
ApTr121626277,Trisha Murden,843-285-9543
TeRo459396091,Rodrick Folkes,927-242-8053
TeJe309040267,Jeanne O'Hengerty,234-712-4106
MiMa516938157,Maggy Wixey,421-274-2501
TeJi845895669,Jill Ivakin,770-469-6485
MiNe443585831,Neel Coppock.,265-616-9987
GoCo109882756,Cornelius Trippack,754-327-2435
TeDo300203887,Doralynne Creamer,504-621-5692
TeEm692901216,Emelda Shrimpton,845-380-4660
GoSh705640232,Sharleen Dunster,604-349-5879
SaKa823260936,Katrina Simondson,889-735-3436
ApMa100137128,Mathew Kift,901-355-0293
ApMe660119250,Mela Harborow,395-837-2786
ApDo363683068,Dorene Moens,227-205-1600
GoEa769462091,Ealasaid Audsley,806-398-4700
MiMi538385177,Miller Lambdon,344-305-7557
MiSh288377260,Shalna Lortz,324-286-2798
GoMi422909471,Mil Coltart,914-572-2943
MiTh196950475,Thurstan Schuelcke,675-375-2428
TeKr886552788,Kristin Eisenberg,214-587-4949
TeOs739620416,Osmond Audrey,993-175-3544
TeBe592167521,Bernadina Darker,245-119-8695
TeSt575969540,Stearne Critzen,578-308-9577
GoBu597016529,Buffy Allans,608-331-2697
GoHa642859119,Hamilton Tombleson,330-306-3649
ApRo125677751,Ronnie Douberday,852-817-3912
TeVa774437918,Valery Frotton,308-637-6350
GoHe321810258,Herbert Purches,669-321-1023
MiKa603311165,Kati Bocking,181-328-7902
MiKa603311165,null,null
GoNe752240463,Neale Dymond,638-967-8080
SaSt262956136,Stanley Armstrong,600-656-1371
MiAl154140354,Albrecht Gencke,814-359-9871
TeKr609051918,Krystle Zecchini,574-134-8602
TeWi747461541,Winnie Longfield,328-281-2759
GoAr150701920,Armand Veltmann,102-507-4996
TeBe724504101,Bernardina Shakspeare,567-409-5369
TeJu281737940,Juanita Peacock,761-780-7513
TeRi742131791,Richmond Ongin,175-880-4207
TeJa183975099,Jacques Dibbert,479-894-8935
ApAj677713792,Ajay Feares,602-196-2839
ApBa454788156,Barbara-anne Georgescu,246-177-6024
ApBa454788156,null,246-177-6024
TeHa436270896,Harlene Follitt,357-771-7291
GoJi128047920,Jimmy Rankin,648-102-6772
TeDu477525846,Durant Talman,392-729-4802
TeBa857182490,Baxy Masdin,485-931-4837
ApGi724980050,Giorgi Bamling,735-756-9031
MiCh724379585,Charline Yerrall,289-723-0860
TeDo885476876,Dorothee Lepard,167-833-6189
TeNi761563418,Nicoline Fincken,105-500-5567
TeRe758659745,Reade Arkcoll,414-259-7244
TeJu438156345,Jude Tenby,118-949-3270
ApDe336881991,Dew McShane,845-233-6841
MiEl455709393,Eleen Horley,305-996-5707
TeVi209608642,Vitoria Makin,473-124-4969
GoMa872201797,Madel Shortt,631-253-3166
GoMa872201797,Madel Shortt,631-253-3166
MiMa572688714,Marlow Kinsman,202-577-2526
ApRo601216263,Rouvin Roddie,300-726-9883
TeWi573063079,Winfield Bendare,628-793-8719
GoBe770515236,Bennie Wingatt,942-668-1264
GoNo101397611,Nona Ithell,695-209-8961
GoJu578885897,Junina O'Deegan,715-519-7604
TeCe609118735,Cecilius Points,406-520-9293
GoJe570693180,Jeff Gwatkins,146-597-2300
SaCl262819970,Claire Bengtsen,370-210-7232
ApCa549336902,Cassey Veldens,851-706-4564
ApTh227812343,Thomasina Aronsohn,427-459-5800
ApRo186140197,Rowan Adkin,788-179-4801
ApAn528298060,Angelita Gullen,747-872-8621
ApPi103984789,Pippo Mc Gorley,795-511-0435
TeJo297398029,Jorey Condie,793-635-8127
MiPa524883892,Pail Stoyles,562-791-7731
GoFi872176719,Findlay Prise,192-753-6014
GoFi872176719,Findlay Prise,192-753-6014
TeCo361203697,Conny Carvill,290-605-1076
TeLl718138131,Lloyd Keaveney,772-465-2957
GoBa847500531,Basil Bowller,725-974-2974
GoBa847500531,Basil Bowller,725-974-2974
GoCh722423799,Channa Steers,460-169-6944
SaRi821506656,Rickie O'Lehane,729-254-2771
MiMa838984678,Marcia Yoakley,653-228-9685
SaRa419659730,Rad Pinks,928-930-5076
SaRa419659730,Rad Pinks,null
MiAr452455243,Arliene Clausius,247-812-7701
ApAl893411558,Alistair Plampeyn,402-701-8253
TeCo693419720,Constance Bosson,662-161-2396
MiJa116391927,Jaimie Barnes,276-507-6532
GoMe488189060,Melva Fedynski,203-924-9050
GoSa191614589,Sadie Coultard,464-374-7844
TeEd155560605,Edi Bravery,684-782-5059
TeBu595938428,Butch Cullon,913-880-2191
GoDa511136151,Dayle MacIlhagga,874-764-0528
ApRo657967675,Romy Roper,581-146-9936
MiGe280623025,Gerri Sperwell,885-822-8910
ApJe596233158,Jehu Strangeway,799-460-4800
TeLi373119049,Linette Bedbrough,367-517-3007
SaSa284353875,Sabina Troop,283-730-5311
ApUn610373422,Una De Paoli,805-320-5727
GoRu171182703,Rustie Ronchi,323-839-4747
GoMu338698040,Murial Liversley,791-675-8655
ApFl424607551,Florina Bucklee,407-400-6909
TeSe839593569,Seumas Seabourne,526-148-9744
GoSh340476665,Shannen Getsham,754-399-9523
GoWy860843208,Wynne Harburtson,234-378-9591
GoWy860843208,Wynne Harburtson,234-378-9591
GoBa676681835,Babette Durno,184-385-6473
ApWi488070010,Winthrop Kohring,511-768-4396
MiCr116193850,Cristobal Dennison,816-471-0914
ApSh696311453,Sharron Franschini,929-748-3235
MiFe472053681,Felike Dunnett,530-502-2855
GoMo781770413,Monah Melley,499-273-2607
ApMa298255113,Marcelline Clow,615-986-9184
ApBu469904682,Bunni Welbrock,953-290-3278
ApBu469904682,null,null
GoBr287786780,Brandy Penwright,459-867-3541
GoCy828902938,Cybill Brookwood,619-446-3342
MiMy290487550,Myranda Swallwell,152-407-4099
ApBa255598818,Bary Freezor,878-405-7336
SaMa302202290,Mart Yokley,668-142-9595
MiIn194896630,Inga Treamayne,953-534-8696
MiLy856967948,Lyn Sutliff,831-236-1345
TeHa636967838,Harmon Busse,977-192-9194
MiSh154644877,Shoshana Pummery,451-822-2177
MiLa135910322,Laurence Giddins,856-331-7117
GoOd665156251,Odey Tante,208-108-5700
GoMo641705766,Moreen Marchington,440-545-8049
ApDa800263675,Dalia Hixley,883-173-8818
ApMe165537499,Mervin Addekin,538-369-9384
ApMa804770327,Mar Klawi,541-515-2616
SaTa344501780,Tammy Laxson,699-949-7873
SaRo262144935,Robbert Cardoo,737-974-3682
MiNo506416296,Noelyn Tripet,601-279-6446
TeDa502241749,Daffy Taffley,146-102-1706
TeWe481186126,Welbie Ashbe,538-806-6769
GoIv623309429,Ivor Fike,464-912-3493
SaAl530734594,Alva Trenholme,588-395-4873
GoAl152943142,Alphonso Sesser,478-305-0564
MiTa794506803,Tadeo Graeber,367-853-1461
GoJu299056286,Judy Stansby,790-185-0183
GoZo880539500,Zolly Fleming,759-104-0671
GoLe602684376,Letisha Hulland,338-806-7487
GoLu705161774,Luce Lutsch,358-352-9665
GoZo870617249,Zorana Spittle,521-250-0416
GoZo870617249,Zorana Spittle,521-250-0416
GoZo870617249,Zorana Spittle,521-250-0416
TeTe455899308,Tedd Ilyinykh,621-932-4196
TeYu188690418,Yul Thorbon,778-875-8189
SaSa538263441,Sabine Porter,801-602-2422
TeDe328403685,Deck Bakeup,126-623-5822
ApBa268617021,Babs Tetford,356-185-1256
GoWi747375588,Wilone Keble,656-417-8670
SaRa329217537,Raynor Winslet,630-462-2432
TeAr629893638,Arnaldo Ingleton,383-313-8375
GoKr708798788,Kristen Blest,232-356-6614
GoTy837764249,Tybalt Tizard,668-853-2318
TeCr423884960,Crichton Dunckley,170-659-5321
MiAr882940450,Arvy Remmers,926-253-1654
GoVa566817105,Vaughan Beade,699-604-0396
GoHa238653100,Hana Demelt,981-884-3235
ApPa579757311,Patsy De Lasci,667-519-7305
TeAi459434187,Ailina Fenna,704-786-6124
TeGi796630397,Giralda Stirrip,743-185-1151
SaTh125091409,Thekla Alcide,587-198-8573
SaTh125091409,Thekla Alcide,587-198-8573
GoTi733980914,Timmie Pulford,457-275-7747
MiGa415228174,Garnet Aharoni,994-206-0813
MiAn658135479,Anthony Moorey,821-736-1717
MiAn658135479,null,null
GoMa603131575,Massimiliano Arnholtz,768-802-9533
GoCa429234988,Cassius Hurdman,574-654-8887
MiMo773741319,Moe Vasquez,779-102-1921
SaSu534798381,Sukey McPartling,971-112-9143
MiDa244504537,Damien Wiskar,688-640-3194
MiAn649855661,Anya Tumulty,334-455-2497
GoMo451461671,Mohandis Empringham,586-933-4509
GoPe554184713,Perkin Bondy,270-541-3218
GoAu338226232,Auria Largent,485-593-6274
TeEd818584429,Edna Bramhall,547-827-2110
TeSt892582717,Stacee Fallon,181-698-8694
SaSa898070973,Saudra Gentzsch,762-839-5759
TeCa796554767,Caryl Willeson,206-840-1371
MiMa555617143,Martita Perott,256-340-3844
SaVe266801501,Veradis Peart,516-787-8286
SaVe266801501,Veradis Peart,516-787-8286
MiAr812748822,Arel Challiner,431-363-9463
TeMe842610371,Melicent Klas,541-248-9510
MiSh453149246,Shaw Penella,643-184-1981
ApDe316098068,Denver Freeth,146-875-5327
ApNo893857165,Nonie Dummigan,193-276-6487
TeKa353585591,Kania Gasker,774-589-7946
MiLu667635309,Lurleen Bosch,312-930-0819
ApFe848867080,Felizio Poleye,584-782-8792
TeAm435652278,Amii Raubenheim,340-632-4686
GoKe287798056,Kelby Dallosso,182-201-2351
GoHa824469850,Hakim Rey,343-709-7234
GoHa824469850,Hakim Rey,343-709-7234
GoSh642447974,Shayne Bielefeld,941-781-1741
GoLy864703166,Lyman Pena,213-611-7754
GoBe836834602,Benedetto Killimister,683-886-0225
TeRe158148467,Rem Alpin,431-941-0720
GoEs368106059,Esther Scaice,680-910-5118
TeCu526841826,Curt Taunton,543-175-0233
MiMa838660884,Matthew Harlowe,730-463-4783
GoLa727118895,Lazar Pickburn,692-967-0990
MiXy276058517,Xymenes Aizkovitch,493-482-9344
GoPh732226083,Phoebe Gordon,601-687-2104
TeKe163261424,Kessiah Rout,115-250-9322
SaAn113316812,Andres Westrope,977-848-8032
SaAn113316812,null,null
GoGr876929669,Gris Houliston,506-459-1807
ApBr363190200,Briney Robey,234-207-4351
MiAx515450807,Ax Walker,597-941-8513
ApKe635903936,Kerstin McBoyle,737-328-3613
GoCh450473570,Christy Duchant,549-708-4206
TeJo798895452,Johnathon Lamba,609-332-1187
MiSe848228914,Selie Booth-Jarvis,377-963-9416
GoDe611542976,Devora Duckerin,822-883-5527
TeKy144647815,Kyrstin Treversh,988-312-2677
MiLo314700637,Lombard Tuffield,212-394-3127
GoKr898455283,Krishnah Andriveau,630-118-9741
ApOl263731668,Olin Joinsey,967-644-6456
GoCo899947906,Conant McQuirter,264-803-7898
GoCo899947906,Conant McQuirter,264-803-7898
TePe504121846,Percy Skerme,176-111-8001
GoBi513643280,Birch Chaytor,859-165-8943
SaMu536804319,Murdock O'Mahoney,774-813-9074
GoHa286554814,Harriette Swarbrick,819-968-9727
TeCo886910113,Cornie Glaum,174-935-5232
ApWe424284052,Weider Bosma,884-597-9052
MiBe647698859,Benedicta McGawn,776-987-7076
MiBe647698859,Benedicta McGawn,776-987-7076
MiDe461509935,Delmer Mewha,267-153-4631
SaLy306735694,Lynn Siverns,243-493-8119
MiNo650566988,Normand Avramchik,303-764-8151
ApBa579355919,Bartholemy Kmieciak,897-534-6828
GoOl706872403,Olympia Delafoy,178-732-4304
GoBr889355419,Bram Coyne,545-869-0639
GoRa878896746,Ramsey Marland,536-462-6427
ApFe150684419,Felizio Gosz,103-114-7206
ApSh725529373,Shandie Pressdee,404-840-7847
MiCa754410380,Cass Okill,463-626-0309
MiBe415360743,Bernard Christley,237-623-5866
GoEl495582801,Elliot Parcells,295-801-5380
MiCa384303678,Carrissa Andrin,702-185-5231
ApEu848556577,Eugenia Danby,497-774-8349
TePr575422269,Prince Huncote,136-790-8441
MiOd782211897,Odilia O'Corrane,913-418-8616
ApHa803359173,Hammad Beardow,314-268-9610
ApBr579809850,Brit Totaro,242-391-7032
TeAs575842617,Ashton Allwood,264-386-4997
ApAb504391274,Abigale Popland,141-136-0623
GoJo494132356,Jocelyn Masser,128-323-3024
TeAd202117078,Adelbert Doy,178-823-1090
ApPa101978501,Palmer Lampitt,179-711-0405
GoEr153125654,Erv Kleinmann,197-436-2304
ApIv616372599,Ivett Lau,197-979-6704
TeSh296266051,Shalne Lawdham,364-464-4064
MiCh578819314,Chery Cordova,838-744-6888
MiCh578819314,Chery Cordova,null
MiHu431486340,Husain Laraway,608-500-8432
TeWe595380879,Wenona Deave,154-690-5423
MiSe137099259,Selina Base,825-310-2717
TeDo434143147,Doris Bovey,412-553-4780
GoCo377893496,Conan Battista,381-281-8844
GoDe471988630,Delainey Shepherdson,822-626-9145
MiSi431321508,Sisile Benion,844-551-1426
ApMa600254669,Martina Kleinpeltz,118-728-8725
GoGr873799337,Gregoire Michelle,860-427-9666
GoGr873799337,Gregoire Michelle,860-427-9666
TePi858874792,Pierette Madelin,943-235-4012
GoKa752363185,Karen Oddy,367-521-8354
MiAl496934345,Alphonse Northedge,584-621-7263
TePh542223322,Philip Zanardii,977-245-2900
ApGo557537083,Godfrey Koene,182-444-5134
ApGo557537083,null,null
GoJe752156242,Jecho Butson,702-821-4729
TeNo327478209,Northrup Strognell,863-232-0120
TeMi543291864,Minta Murricanes,648-457-4569
SaLe887820278,Leisha Dyde,527-671-7130
SaCh258671756,Chariot McHarry,731-896-4191
SaUr305834294,Urbain Garstang,678-557-7445
TeDa595137058,Dallon Fonteyne,659-649-4191
ApBr377041948,Broderic Cosans,895-768-6941
SaAi409247272,Ailis Bratt,414-872-7196
TeAd848276571,Adler Boatman,480-437-5248
GoGa873725902,Garvy Farey,255-387-9658
GoGa873725902,Garvy Farey,255-387-9658
MiGi754664712,Giusto Slater,772-700-7037
GoJa708491216,Jamill Giottoi,853-936-8386
GoSh880585781,Sheilakathryn Caudwell,603-962-2931
ApSa163972228,Sandor Chater,458-199-2460
GoHe214068805,Helsa Hazlehurst,350-268-9507
MiWi180209964,Willi Bourtoumieux,407-149-9904
TeEl739832524,Elna Bachs,375-178-3259
TeAn692407922,Annecorinne Coplestone,291-338-4495
MiNa772300725,Nanon Tremollet,903-483-3234
ApPa868141328,Paul Foxton,752-166-9930
ApKa601682279,Katharina Moniker,745-154-3215
GoDe667121390,Deerdre Hanne,655-154-8217
TeTr607477247,Truda McCurley,649-879-6614
ApIn448213045,Inesita Jodkowski,773-352-8427
ApSk481484209,Skipp Hemstead,115-276-0860
MiAr689416032,Ardelia Demogeot,202-493-3530
GoTe549386087,Terrill Patek,852-719-0313
MiMa736982022,Mayer Chastang,910-250-4931
ApAn869998819,Andee Bartles,809-592-6574
MiWe197403816,Welbie Threader,770-787-3875
GoKy621810934,Kyle O'Geaney,575-562-1076
ApSt600306626,Storm Hartzog,532-580-8230
GoIo234723869,Iorgos Bankes,675-664-9019
GoCy623319199,Cynthea Sorsby,157-986-2028
MiAu261310908,Aurore Arpin,639-766-8855
GoVa805768313,Valentino Bernet,623-913-0609
ApSh548373411,Shayla Headings,552-551-2681
TeSi101696200,Sidnee Topes,649-476-8935
TeGe858638927,Germaine Stocks,800-822-6303
GoDu664966301,Dunn Allbrook,189-229-8900
ApJo336790225,Josephina Swatheridge,535-396-2151
ApCl701863310,Clio Grovier,131-508-5157
SaMa532796448,Marylynne Syres,981-895-9056
MiTi498680335,Timotheus Appleton,412-951-6371
GoIs469497770,Isadore McVee,541-868-1397
SaNi824983873,Nicolea Rapport,104-770-1288
ApEv230027639,Eva Stit,447-517-4745
GoJe339253856,Jemmy Feore,324-897-1271
SaAl284034963,Albert McAdam,104-185-2322
TeFl797867629,Florinda Morrill,998-224-3921
ApTi826186361,Tirrell Codling,289-453-8332
TeDo183370934,Doralynn Vertey,691-721-4648
SaAl284216276,Alan Mathwin,489-905-4053
ApDe190581002,Deloris Fearon,689-840-2447
GoPa791115123,Paddie Goldingay,170-933-5984
GoHa215664098,Halie Pooke,708-485-7933
MiHe253634873,Hester Troillet,174-522-8277
ApFi313659631,Finlay Gwinnett,712-632-7376
MiLo658980790,Lorette Bullough,674-357-5725
ApTi508551934,Tina Jachimak,678-310-6201
GoSi381515094,Sinclair Syce,813-574-2056
ApJe580668348,Jehanna Wehnerr,516-437-2550
GoLu405354965,Lucio Soigne,188-713-4450
ApEr722371956,Eryn Graham,863-973-5743
GoMa544708139,Mariel Bloomfield,172-126-1381
MiBi272483602,Billy Laban,606-157-5823
GoSh109723814,Shawna Beldon,683-196-1748
GoGw271458399,Gwendolin McPhate,468-232-1989
GoOb238786388,Obadiah Itzkowicz,486-436-1773
TeCa862390843,Cammi Caldroni,161-264-6187
MiGr340736824,Grier Endle,291-764-0929
MiMe239353925,Mendy Dantesia,634-126-7023
GoJo321460632,Joell Flintoft,302-316-4484
SaSt565762789,Standford Steels,295-377-2532
ApTa680568292,Tania Ysson,340-772-5996
MiAn371349285,Andria Collumbell,318-205-2726
MiDr174564642,Drucy Troke,364-946-6956
GoOr769065301,Orv Ruske,341-964-5155
SaLy258709632,Lynelle Scouse,598-749-2078
SaHo110853073,Horacio Bulman,712-453-9570
SaHo110853073,Horacio Bulman,712-453-9570
ApGa747787044,Galvin Bram,109-353-9588
ApRa421826207,Rafaelita Simak,627-204-1561
TeCo671887977,Coleman Parlour,425-705-7389
MiAn556252619,Andre Bondar,430-823-5740
GoTa570256403,Tandi Eardley,893-423-9626
MiCo299249172,Cos Tolussi,582-192-1448
GoSh186280712,Shelley Guilliland,262-734-0085
GoFr381891683,Francine Moorey,956-390-9872
MiBa484383739,Barbra Croxall,687-404-4272
TeDe845660115,Debora Tucsell,753-116-4496
GoCe206216511,Celeste Copsey,831-772-9212
ApMo725881205,Mollee Pittoli,385-115-3098
ApBi781679691,Billie MacCosty,261-546-5420
ApAn767549864,Andromache Tooth,290-776-2527
GoWe852782591,Weidar Tanser,520-385-9829
TeJa420081908,Jasper Grimley,124-321-0125
SaGa306754073,Gabriel Minton,647-238-6793
ApEl894333964,Elvira McNiven,850-827-9608
MiGw755899512,Gwenny Brafferton,326-874-1349
TeCa653036554,Camile Jarry,686-381-2118
ApLe280421627,Leopold Rawsen,454-542-6592
TeEt416193863,Ethe Cavell,100-929-3432
MiTo809280687,Torrence Grogan,479-677-0491
MiTo809280687,null,null
MiCa291479724,Callida Loads,101-821-4287
MiSa607191499,Sarita Tremmil,730-399-2652
TeRo245809100,Rolph Reader,354-197-2820
GoNa172982021,Nap Townsley,712-237-1127
TeAd158805359,Ado Munning,836-421-5098
TeDa543467280,Darrick Birkenshaw,656-403-6631
SaCl538112007,Clotilda Harriss,232-834-2414
TeNa160343696,Nancee Trangmar,786-182-1805
GoSa404836716,Sayre Simeonov,874-535-5564
SaMe148080400,Melvyn Swanborrow,298-806-3025
SaMe148080400,null,null
GoCo269671894,Corry Settle,211-646-8725
GoHa340437138,Harry Zorzi,633-683-2760
SaPh259207569,Phedra Baldery,602-118-7375
MiGa496662188,Garrek Crowcher,942-157-7841
MiCl133160636,Cleon Droogan,525-607-1497
ApDe799325731,Derrick Odgaard,626-244-6261
TeLe391466737,Lea Triggol,605-219-9680
SaGi391570250,Gianina Duffan,815-619-2642
SaGi391570250,Gianina Duffan,815-619-2642
GoMa566114190,Marilin Bartolommeo,212-357-0729
MiLa670982959,Lavena Wallace,303-674-2512
MiJu677329505,Julie Borman,928-820-1442
GoBr110613193,Bradney Dundin,574-990-3628
MiBe571011989,Berne MacKibbon,480-988-7674
ApCu256464008,Cull O'Kieran,600-765-3643
TeSo140738535,Sonja MacConnulty,227-697-9398
ApAr462446464,Ardith Simecek,843-572-3072
TeWa521515414,Washington Kristoffersen,555-643-7956
ApDo301630712,Dorita Quirke,969-744-1918
TeGr499165632,Granny Rahill,225-667-3748
MiCh422955280,Chandal Pavese,361-507-4861
TeAn459283351,Angelo Nutkin,215-285-4474
SaKa343055419,Katie Grene,795-252-0486
GoTr511656300,Trace Sabattier,173-668-1988
GoCh620419056,Chrissy Hawket,771-765-0911
GoGr381285541,Grazia Austen,222-650-4548
ApOr210795774,Orland Gianasi,447-436-7339
TeMo311900819,Moishe Elfleet,614-313-0384
GoAp322435696,Appolonia Corro,933-796-7378
ApMa330823262,Madlin Yarwood,188-596-4457
TeMa719434763,Maddie Huncote,223-606-2715
ApDo252388954,Dode Brookes,679-732-8769
MiGi747400626,Giraud Delacour,753-693-6717
GoAl193305050,Alexia Dunk,445-191-0104
ApMe638035008,Melany Brevitt,584-794-5701
GoMa214993512,Marci Tyce,315-146-6879
MiHe555898581,Helene Whatley,415-847-5745
TeRe156304786,Reilly Key,271-934-5621
GoMa856531990,Mackenzie Gantzman,218-427-4073
GoSo734763652,Sonny Whaley,306-907-0472
MiAl648424511,Aleen Rampton,816-491-5064
MiGa475577795,Gasper Berntsson,858-872-8343
GoCr393912111,Crissy Marie,429-206-8469
TeMa246011217,Marti Bocock,640-507-6958
MiAn434054338,Annie Stave,906-718-3961
GoSa128028318,Sabina Vuitton,341-737-7856
GoCl553668894,Clemence Gommery,315-955-4909
ApBe230440303,Bernelle Cisec,134-896-2398
GoSh854897876,Sheryl Willmett,628-948-2627
GoNe461400749,Neils Drinkeld,926-512-2877
MiLa133603741,Lauretta McElhargy,336-277-4399
ApCa748541284,Carita Lyttle,365-991-6654
ApJa266894143,Janela Gurr,406-323-3453
GoJe602713193,Jerrie Temperton,920-701-7052
SaTe330644477,Terence Rhymer,694-926-6494
MiKe628443157,Kerri Pockett,115-294-0324
GoAs107352687,Ashlee Gerriessen,674-856-2986
GoMo468860538,Moyra Killough,456-843-9081
ApRh301514859,Rhonda Roseblade,278-918-3368
SaGa263403389,Gaye Rigts,230-463-1463
ApBu164823165,Buck Tyhurst,279-197-9791
SaEr263153602,Ernesta Ramirez,892-990-0913
MiGi655468703,Gisella Laydon,177-401-9013
MiGi655468703,Gisella Laydon,177-401-9013
TeLa394759891,Lalo Calyton,277-283-8690
TeGe328037183,Gerri Pizey,721-162-2940
GoGr847540639,Gray Iacomo,905-234-4904
ApTr640746812,Trixy Albertson,504-570-3410
TeAb673545832,Abbe Dessant,130-586-2829
TeEv229986669,Ev Kemball,157-581-1397
TeNo775746021,Noah Cameron,548-650-5014
ApBi565558089,Biddy Yackiminie,160-483-6894
ApBi565558089,Biddy Yackiminie,160-483-6894
GoAr429040845,Arlie Dubery,992-131-3467
MiGr856797206,Gram Linskey,898-697-1685
TeHa181572763,Hal Ciccotto,729-549-8457
TeEt520931582,Ethelbert Buesnel,552-784-1963
GoSa664555532,Salomi Farryann,955-728-8481
GoCo789300555,Connor Spelsbury,562-455-3067
TeLe631462424,Leland Tarzey,901-102-7338
SaFr822484150,Francklin Arnholz,497-534-0772
MiMi413954344,Mildrid O'Reilly,380-438-9714
TeRo672547450,Rodie Robak,625-879-6082
TeRy350569700,Ryley Goodrick,299-388-7291
GoRo190633302,Roy Thames,775-579-2782
ApRo678776307,Robbie Lowman,592-410-3612
GoNi382454995,Niels Issacson,341-108-5572
ApCo402421403,Collette Kasperski,648-129-1092
GoKo108747960,Kore Richarson,977-790-9768
GoVa842055582,Vanni Brambell,776-783-3884
GoVa842055582,Vanni Brambell,776-783-3884
MiBa772630843,Barnett Neasam,280-741-7427
TeTa418250187,Tallia Feldbau,920-779-9602
ApAb315922251,Abelard Yegorkin,354-913-8111
MiBe883976189,Berkie Shimon,823-728-4423
GoDa505345713,Darya Halladay,742-405-7315
MiPr385900389,Priscilla Cunniff,540-706-5110
TeGe307011164,Gerti Crasswell,442-980-3632
GoFa834980407,Faunie Narramor,387-271-4478
ApKa747639226,Karisa Dakhno,762-814-1590
TeMa558603363,Martelle Le Friec,275-458-3125
GoAv129153530,Aviva Eschelle,553-175-2333
GoBe897942968,Benoit Gorelli,643-490-8604
MiGa899818005,Garreth Daftor,405-524-1367
ApGe867805943,Germain Colling,611-451-5343
GoTy127287283,Tybi McCerery,946-285-5535
TeAl435853581,Alecia Dacks,503-989-7452
TeGa674896200,Gannie Sivell,359-227-9324
ApRa379462002,Radcliffe Houson,521-575-3082
MiBo394494211,Boycie Sustin,160-621-8122
ApTe616085593,Ted Viles,261-262-1983
MiKi607019921,Kinnie Beininck,120-760-4462
ApAs544723578,Ashlin Maraga,814-110-3239
ApAs544723578,null,null
ApKe462296402,Kendra McLugish,594-371-3285
GoNi442026415,Nikolia Coling,995-336-4620
TePh775513704,Philly Tungate,772-711-8768
SaSi821517266,Sigismundo Lightwood,627-988-7817
MiJa413458928,Jania Radbourne,405-415-6056
ApPu125120684,Purcell Orcott,841-311-2774
GoGa320139960,Gabrielle Dumini,826-234-2324
ApKa315478336,Karlens Scoyles,825-351-3271
GoEl833364208,Elora Nazer,795-959-2368
GoPr363773098,Prudi Bastock,601-716-8119
GoSh285904602,Sherlock Vile,425-180-2371
TeAd372439228,Adham Brinicombe,501-459-6062
MiMa605977572,Maryann Worsnup,874-595-4303
TeAl778189921,Alexandro Darridon,654-480-4163
TeSt391223730,Stephi Wildman,344-962-4776
MiAl738297553,Alfie Siebart,202-965-5616
MiFl325216017,Flossi Easdon,135-578-6993
SaIg259875536,Iggie Massenhove,327-403-2778
TeAr761760077,Ardelia Ruggieri,973-585-7040
ApCo785534949,Conroy Tigner,850-493-7140
MiEl716014783,Elberta Hatwell,356-390-0042
ApCh522333699,Chris Slaten,980-970-3152
TeJo225770089,Jobie Risso,678-651-2356
ApAm863641062,Amory Balser,405-939-1135
TeMu118753990,Murdoch Juliano,474-382-7073
GoTy355735828,Tyne Gothrup,243-240-4168
MiLo744803501,Lombard Trainor,452-493-9110
MiLo744803501,Lombard Trainor,452-493-9110
GoRa365519507,Raeann Stuke,727-902-9116
MiEr631960190,Erasmus Oglethorpe,348-978-3624
MiEr631960190,Erasmus Oglethorpe,348-978-3624
GoNi765416036,Nicolle Renfree,884-516-8799
GoAl449506054,Algernon Braybrook,255-288-8734
TeMi607767297,Min Melville,427-520-0252
TeGr884086715,Graham Sacase,919-505-8716
ApKe362561283,Kendre Cordelette,779-229-1776
ApKa848327521,Kahlil Wheadon,960-380-4618
MiAn325300514,Anthiathia Uzelli,587-529-6578
TeJa695135336,Jacynth Mussared,851-876-6192
TeCa758620307,Cal Gaitskill,325-369-9962
TeTi593641490,Tildi Costall,618-967-5120
SaJu329668620,Judi Lorman,786-584-8009
GoKi469489848,Kimberley Weatherburn,583-399-5208
GoEd832721943,Eddy Pee,880-119-3255
GoEd832721943,Eddy Pee,880-119-3255
TeCh759597945,Christabella Brushneen,910-740-9427
ApRo747282503,Rodney Javes,785-700-9285
GoMo554893350,Moina Fishby,645-524-9400
MiAm539809153,Ambrosio Stambridge,351-458-7051
TeMy420378002,Myles Conigsby,957-608-0031
TeAu697764389,Aurel Linklater,575-474-1091
ApMa767661142,Manon Rieme,640-746-0977
MiBo697569982,Boothe Jendrassik,254-698-7985
MiWi555861461,Wittie Altamirano,717-857-6962
MiKa688115021,Kalinda Dudny,422-421-2579
ApKa448167226,Karoline Tarling,203-798-1474
MiRo856610546,Robinia Spore,241-846-0826
MiOp771824893,Opalina Liveing,894-225-1664
MiGi838985589,Gina Bridge,868-332-9648
GoCo887566720,Cordelia Littlefield,722-995-7190
GoCo887566720,Cordelia Littlefield,722-995-7190
TePa120739448,Patten Heineke,368-373-7029
ApKa317250981,Kayne Starmore,397-901-6482
MiHa162353455,Hastie Biddlecombe,183-297-0524
TeVa247831426,Valle Bloxland,764-214-3822
ApTa664285174,Tabbie Yegorshin,469-630-4081
MiJe216542279,Jelene Storr,445-838-9914
GoNi809857624,Nicko Neate,637-364-4980
GoCo810341063,Cookie Goldman,864-317-1010
ApDo402688692,Dolly Luff,979-654-6795
GoVi111762210,Vivyan Itchingham,849-460-4672
ApGe462603133,Gerta Shillabeer,674-592-3066
ApAd639216428,Adolf Gyver,529-707-4967
MiLa629127372,Langston Ambridge,884-159-7646
ApOb802634356,Obadiah Hourigan,551-211-3270
GoTh584969523,Thibaut Glasman,570-141-1390
GoJa237047456,Jacquelynn Stone,842-353-2251
MiBr242110407,Brewer Hagland,800-764-8300
GoRo665722401,Roberta Penrose,557-714-1602
GoAn791548500,Annetta Arlidge,153-454-3229
GoAy367836261,Ayn Kindread,710-303-7480
MiRe326991502,Rey Greatbach,387-654-2926
GoEv271061403,Evy Lacroix,985-228-8522
GoMa771332873,Marjie Amsberger,374-218-6731
ApTr675929928,Travis Servante,623-104-2940
ApKe255820727,Kelwin Vedishchev,671-122-9694
TePh760194137,Phineas Winslet,326-717-7663
TeEu634659585,Eugenio Allmond,667-470-2807
TeBo137615467,Bogart Nern,404-401-0993
MiMi112837657,Miran Manhare,418-813-8762
MiLe385841940,Leanora Andrick,288-608-1716
ApHu766754760,Husein Auden,195-274-8867
ApAl548028460,Allys Dri,177-841-6467
MiLi668708426,Lishe Domel,837-545-1130
TeRo220367573,Robinia Danzelman,479-626-5570
TeQu799321440,Quentin Bancroft,573-101-9648
GoSa426143325,Sandy Tayler,392-618-0956
GoCu873996335,Cullie Berfoot,716-677-8009
GoCu873996335,Cullie Berfoot,716-677-8009
GoCu873996335,Cullie Berfoot,716-677-8009
SaWy278187048,Wye Mordue,992-592-5037
TeNe373112519,Nevin Newlands,651-862-4999
TeHi351583121,Hillier Pleming,624-628-3220
TeSt746844984,Stormi Lauks,331-403-8104
MiAl291475257,Alejandrina Culpin,241-482-2484
TeDa860826819,Damita Tirkin,895-636-7639
ApMa748820506,Malinda Fidian,762-492-1454
ApKy549078043,Kylynn Renshall,907-576-9676
TeJa607577848,Jacquelynn Kaas,615-620-2247
TeVa198503345,Valentine Give,205-938-9225
ApLi701654827,Liana Orts,401-240-3974
TeMo592978759,Mord Cicci,907-377-1374
MiRu815077912,Rubia Mossdale,496-252-0930
TeEs693550042,Essy Nutley,581-272-8889
ApBa699521892,Barbie McElvine,576-773-8464
TeEt520979163,Ethelda Bedbury,900-457-7175
MiKe357981191,Kelci Blacksland,416-462-7597
TeHa266755548,Hadley Leathwood,130-396-6884
TeFr485291240,Frants Moralee,418-710-7832
TeKi219263981,Kimberlee Bagehot,925-474-2802
TeBr656827535,Brit Franklyn,625-349-0105
TeKa614040087,Kaiser Lycett,251-129-2503
MiOr146122802,Orel Payler,621-449-4596
SaJo283728731,Jody Jurgenson,146-133-2796
TeMy185421582,Mycah Itzkovici,381-813-7006
ApLo396894862,Lothario Eastcourt,225-188-8486
MiHi206790795,Hillyer Batiste,729-433-9485
TeFr519535264,Frederica Umpleby,804-355-2109
ApEr161397226,Eryn Purser,167-427-3165
MiMi181539332,Minne Mackley,296-532-4759
TeRo388223408,Rollins Hanson,209-693-4844
ApDa787172175,Davida Tabourier,652-273-8192
ApTi424861293,Tiphany Digan,189-230-7313
MiHi688264351,Hillier Piller,937-501-4023
GoRe302584703,Reed Storcke,354-583-4911
SaRu278780938,Rufus Baignard,323-588-1000
GoLi749343288,Lizzy Slimm,741-257-3671
TeIs559271508,Issi Danelutti,619-993-0722
MiEu115076786,Eugenia Greguoli,358-274-8502
ApCo639757834,Conrad Brounsell,883-961-1848
SaTu562917310,Tulley Jewitt,662-433-7025
ApBr846606697,Briano Ewdale,334-133-0674
ApCe849233620,Cecilla MacFaell,960-852-4201
GoEl215200515,Elysia Greeson,875-781-1998
SaKr243783187,Krishnah Berthelet,545-587-4774
SaKr243783187,null,null
GoEz585200842,Ezequiel Tezure,338-702-8613
MiEr881981491,Ermengarde Coad,162-907-4085
MiAd791992779,Adah Leethem,576-190-3204
ApKo206095757,Korry Deshon,487-658-1667
TeGe609626602,Genevieve Cavee,907-772-6028
MiCl735201165,Clarette Scrowton,432-633-6785
GoWe646413701,Wendall Bilyard,443-261-6487
MiCo671163036,Corty Nuton,535-547-4384
GoBe173217877,Benedikt Bensen,458-636-9829
TeCe859608215,Ceil Capon,590-272-5980
TeBi201654254,Binni Stubbins,962-537-5706
ApTa150632820,Tabbi Pidgeon,620-412-3444
MiRi241128841,Ringo Luisetti,706-286-1464
GoRu831201878,Ruby Caffrey,872-369-1258
TeIn461602123,Inglebert Pfeffer,682-501-4918
MiJe587018824,Jeanie Philcott,135-337-0487
TeBo543227885,Bobina Antrum,392-697-8479
GoTi450241406,Timi Dunford,616-438-5385
TeJa123459637,Janenna Andrichak,623-100-7253
SaNa564166582,Natalya Sturmey,570-408-4946
MiVa430777859,Van Yacobsohn,255-117-4738
TeKo818531946,Koenraad Sweatman,637-476-2899
TeUr184163251,Ursuline Zoppie,649-317-8804
GoDa383235018,Darill Reedie,325-730-7491
GoKe128280272,Keri Lidell,694-519-4415
GoSh894934400,Sharai Rosoni,580-918-3497
GoRo425050810,Rosalynd Caulier,667-924-7750
TeCl249888738,Clark Denness,683-598-2619
SaOr297940077,Orren Hazzard,361-307-6929
SaOr297940077,Orren Hazzard,361-307-6929
TeNo783328688,North Blazynski,554-586-0231
TeJo887063773,Jorge Bruni,545-625-0169
MiNa572384270,Naomi Weatherhill,645-883-0046
MiEu857123432,Eugenio Kopelman,760-789-4256
MiAb715708303,Abigale Mealiffe,692-819-1455
TeEa693904339,Eadie Curtiss,377-502-9003
MiYa625060571,Yardley Fane,272-662-1516
TeSe351468537,Selinda Bleesing,820-320-9244
TeLa119992345,Laura Ambroz,606-990-9215
MiAu793180107,Augustus Hefferon,592-805-0208
MiCo516170615,Corena Morey,751-834-3578
TeBr298140047,Brion Oxford,787-237-2683
TeWr147154356,Wrennie Aspinal,636-699-7336
GoFr496036641,Frankie Gude,726-601-0544
TeSh297422413,Sherwood Southernwood,911-196-3362
TeBo308302543,Bonnee Martinec,188-894-2024
SaCl279268776,Clifford MacDaid,886-677-8802
MiAb274622343,Abraham Bulger,464-237-2439
ApSh482030254,Sherman Riccardo,202-660-3993
ApSh482030254,null,null
TeMi376504967,Milly Strick,196-893-4768
SaHe561726991,Hedwiga Brimham,550-643-3450
TeSh248925711,Shauna Planke,806-175-4929
TeCh437699421,Charlean Simkiss,721-842-5451
TeLu503445777,Lucina Kynson,256-390-5955
GoAl319456893,Alvera Danson,424-913-7096
GoRe228340897,Reinhold Folcarelli,139-394-9415
GoGr252595982,Gracie Mellmer,888-545-7192
GoGa585953102,Gav Allport,354-113-2286
GoDi121996916,Dinah Varty,323-271-6691
MiMe891463940,Merle Lutzmann,861-140-0874
ApGa124899716,Gavin Itzik,745-971-5971
GoKe271648560,Kerry Dyet,447-806-8765
TeMa416909808,Maribel McKeran,333-245-6457
GoRu469426644,Russell Jessel,556-883-1604
TeKe501464892,Kelby Earwaker,614-806-5432
ApCe301421139,Cecilia Roocroft,880-769-6162
TeEu559674062,Eugenio Latliff,758-671-1908
TeGa677368431,Galina Lahrs,710-175-8062
GoWy769098733,Wyatt Thurstance,593-889-7941
ApWr403997248,Wright Raper,998-300-8872
MiOs217866141,Oswald Leatherborrow,811-156-2073
TeJo506709534,Joli Hawke,413-601-4349
MiCe800013316,Cecil Frake,905-205-9048
GoJa280532908,Jayson Dixey,169-887-6161
MiDo640575885,Donica Winpenny,968-321-4372
MiDo640575885,Donica Winpenny,968-321-4372
GoLi787213467,Linzy Suarez,521-866-7051
TeJo884647200,Johann Parry,850-917-2547
ApLo189683422,Loella Harrower,106-390-1554
TeRo559407584,Row Honsch,599-206-3350
GoEa191814262,Early Bielefeld,347-572-9929
TePe652240087,Penny Overell,600-546-1131
ApAg300549833,Aggi Shoebotham,400-237-8367
GoPi621160029,Pincas Darnbrough,313-945-7388
TePi419515102,Pieter Brislen,150-508-3573
GoIs191581300,Isak Cork,143-221-1567
GoRu151799663,Rudy Darnody,590-464-8649
TeCo197975801,Constantina Danilovic,692-179-3586
GoKe173620621,Kerianne Fothergill,838-895-3817
MiSy538571799,Sylas Cufflin,782-968-4622
TeWe200386912,Wendeline Flamank,920-850-5123
GoJe749207281,Jens MacMenemy,506-366-8847
GoMe450394582,Meghan Antonsson,187-225-4784
GoLi771601054,Livia Edwicker,394-888-7799
ApMo230170079,Moss Stairs,328-858-2570
GoCo192423951,Cornell Corker,486-118-0767
GoRo215606268,Rodrick Housley,681-436-4097
SaLy370732636,Lyndsay Sliney,280-536-7157
TeJu717761947,Julian Marlen,295-108-4333
TeEm717545052,Emilie Soames,251-970-9211
GoGl787247128,Glennie Chaffey,884-742-8109
MiCo539720359,Cody Lissett,362-326-2274
GoKo409950674,Kordula Wince,820-387-8743
TeNa630686837,Nathan Fasham,196-224-2714
MiSi177788861,Sibylla Volage,698-674-8075
MiMa765997117,Margaux Larder,234-657-2503
MiAu883402364,Aurore Hartropp,728-993-2808
SaKa258285493,Kailey Faier,181-567-5217
GoEn791348822,Enrichetta Dyster,569-703-6762
TeRa315243494,Rafael Sheach,385-787-5262
GoMi697207800,Mile Ossipenko,846-408-1310
TeIl558379885,Ilka Faucherand,967-906-4538
ApBr893899090,Brendan Meneely,107-103-5792
TeWa766360764,Wallas Santoro,907-318-1432
MiJa611696320,Janelle Benoy,351-312-0650
GoEa641139396,Eartha Lile,940-483-9712
TeDa578964448,Dagny Skiggs,892-314-3118
ApLe508980191,Levy Adran,283-961-0955
TeCa220355044,Cathe Topper,605-753-0936
TeKe719753814,Kerwin Commuzzo,310-422-4203
ApAl426267215,Alfreda Rolf,792-183-8502
ApAl426267215,null,null
MiJa588561948,Janeen Squibbs,540-897-3479
ApLa769064146,Laughton Prest,450-981-9916
TeKa542132947,Karyn Trathen,849-101-0853
ApNi233845475,Nicole Keighly,107-515-4867
TeLa118476919,Laverne Elnough,120-383-7032
TeEu500460032,Eugene Sheach,202-620-7976
GoFr603622281,Frederica Salvin,563-437-1977
ApOt615918784,Otha Benoit,743-695-9178
GoJa235230772,Janeczka Scoggins,766-647-6113
ApMe354197068,Meier Petrillo,891-255-5081
GoDo680741965,Dorolice Saint,311-601-1342
MiHa197080535,Hastie Coot,250-486-4597
GoBe584985875,Berti McGurgan,137-566-7746
TeWe798386279,Werner Sidworth,904-594-6473
MiOb101591731,Obediah Memory,372-446-5143
MiTo229018349,Tova Harmstone,914-428-0060
MiRi811598984,Rina Rabl,891-245-3158
ApLo527467919,Lorraine Lyptratt,589-833-0374
MiWi498469904,Winny McCord,336-797-3385
TeJa308567639,Jarib de Courcey,109-690-2488
GoBa849660009,Babb Rook,914-868-8404
TeZa673338706,Zachariah Mosdell,406-130-6985
TeEl477020746,Ellissa Mapother,719-449-6555
GoCa658258806,Carol Agus,549-870-5965
MiEr864928694,Erhard Enga,481-122-3319
TeJu865424482,Justin Scanes,242-181-2612
ApCh615811118,Chaunce Sloy,942-632-4109
SaDu302385913,Duke Cicccitti,622-181-2330
GoNi284526168,Niki Seamen,336-207-5853
TeBe117201585,Bea Simukov,603-334-3575
MiCh516123048,Chrystel Pidgeon,922-587-0036
TeLe478671237,Leighton Shear,226-145-2675
TeTr656235562,Trip Cossons,327-876-7654
MiAn155466353,Angus Ugo,602-147-9543
GoRa366888203,Raynard Bulleyn,215-191-9801
GoSc383346652,Scarface Kyffin,448-727-4240
TeGu650596998,Gustavus Glassford,239-938-2262
TeTr119165746,Troy Billison,991-205-2820
MiJa578926436,Jacob Lemerie,750-319-1755
TeTa295018054,Tabbie Bettlestone,568-299-1458
SaGa279401792,Gaye Griston,473-457-6356
TeKe346777725,Kean Belcher,210-883-9181
SaAd379363838,Adelaide Duigenan,137-320-9385
GoCo215457495,Cosimo Rozzell,121-486-2802
ApEl528916395,Elonore Krause,936-710-9701
MiJe711285855,Jedd Blonden,227-731-2890
TeNe388798386,Nevil Orta,775-600-4397
TeBr143799716,Bradford Geipel,642-142-6534
TeSa818018497,Sanson Holsey,239-880-6100
TeLa375771531,Lacy Fost,712-343-8640
GoJe728070818,Jewelle Doerrling,644-315-1827
TeFi313486555,Findlay Storrier,774-722-2173
GoAl144897776,Alanah Agdahl,991-998-3458
TeKa140271425,Kaitlynn Milstead,954-771-5868
MiAp324500740,April Lumber,826-328-7613
ApNa144890988,Nathalie Ivers,633-307-9674
MiNe571318549,Neville Paulus,234-419-4928
MiBr472629028,Brynne Chestnutt,498-848-9786
SaAu562544685,Audrye Naismith,957-466-6800
MiCy692138488,Cy Braune,254-983-2658
TeRa745689911,Rafael Canavan,870-225-1645
GoRo876789023,Rosette McSperron,204-425-1765
GoRo876789023,Rosette McSperron,204-425-1765
GoRo876789023,Rosette McSperron,204-425-1765
GoRo876789023,Rosette McSperron,204-425-1765
SaWa302246382,Wang Rau,463-977-0472
ApLa335918107,Laetitia Dehm,179-142-1902
ApLa544586166,Laina Pringle,283-751-6761
TeCl778124282,Clemmie MacGiffin,657-974-3829
GoWh809883118,Whittaker Manginot,940-710-5320
GoCy407587511,Cyb Yglesia,359-470-9532
GoAs411261955,Ashlan Gauche,418-173-6394
GoDa314259678,Darbee Arenson,751-670-4688
MiDi647773966,Dick Olive,941-768-2237
SaGa306750154,Gaylor Lindeberg,776-954-6186
SaGa306750154,null,null
ApRi678127588,Ricoriki Briggdale,112-581-9473
GoDi301857614,Diana Neissen,486-189-5711
ApTh334787102,Theodosia Openshaw,653-350-5041
TeKa293060549,Karlie Gaine,135-592-5448
GoAl855131735,Alessandra Romanini,721-715-9227
ApCl464569988,Clevie Haugg,781-931-3623
ApGe380522045,Gerick Rottery,925-247-9164
TeTa577203841,Tarah Takkos,780-725-7760
GoRe552524463,Rebeca Devigne,898-513-2216
TeJe223186316,Jelene de Chastelain,509-727-3174
MiTo341442450,Toby Samuel,701-338-7498
TePa718564269,Pansy Garnson,924-111-4238
GoJa161856590,Jania Paff,211-637-7539
MiRe215870389,Reinaldos Houndesome,858-325-2822
ApBu485561244,Buiron Booley,773-616-6757
GoTi876145237,Tibold Schubart,178-305-7455
GoTi876145237,Tibold Schubart,178-305-7455
GoTi876145237,Tibold Schubart,178-305-7455
TeNo739067995,Noam Comini,769-439-1708
GoAg682575526,Aguistin Hember,866-408-7828
GoTa899268576,Taite Grimsey,795-223-8367
ApTo268583325,Torrie Norres,817-191-7740
MiTr388065325,Travus Ong,744-944-8656
SaDe825975568,Devland Fryd,632-953-3216
MiJo627576534,Jone Cabane,770-821-1106
MiKa793466315,Kalina Medd,742-185-7268
ApHo213609770,Horton Kennelly,730-410-2636
ApAr460797468,Artus Harry,575-873-3576
ApLo393583629,Lorrie Zorzi,530-761-0023
TeLo659201983,Lonnie Wolpert,354-570-5092
GoLe646375288,Leanna Delion,668-773-6571
GoWe871558907,Wernher Toby,412-477-7665
GoWe871558907,Wernher Toby,412-477-7665
GoAd365105133,Adler McKearnen,427-881-9326
MiMa597583427,Mame Rigden,571-300-0198
TeBu184443006,Budd Paffett,788-913-8077
MiCh738603816,Chicky Kares,485-791-9873
MiCh738603816,Chicky Kares,485-791-9873
ApSi188997517,Sim Jeandeau,808-670-4712
SaRa565522184,Ransom Percifull,176-454-6316
GoEl582930448,Elane Ready,863-534-2234
MiKo273473648,Kore Longea,270-731-5444
TeBr458716128,Brynn Farnish,888-410-9284
ApLa148727168,Lazaro Gosney,526-625-8546
GoMa448815460,Man Beveridge,122-981-1136
ApMi507422843,Milka Wills,465-849-1279
MiLe379092990,Levey Abbet,857-690-5576
GoTe269310509,Terrence Holcroft,373-445-8583
ApSh124508555,Shaine Vasyukov,547-991-8148
TeLy443763431,Lynne Burgis,873-539-6027
